<?xml version="1.0" encoding="ISO-8859-15"?>
<Pobohets>
        <Pobohet xmlns="http://example/Default" method="index" namespace="APP_NAMESPACE\Controllers\" CONSTRAINT="any" controller="\Home" pobohets="*=[]'-,-'options=[]'-,-'get=[]'-,-'head=[]'-,-'put=[]'-,-'post=[]'-,-'delete=[]'-,-'trace=[]'-,-'connect=[]'-,-'cli=[]" placeholders="any=.*'-,-'all=*'-,-'segment=[^/]+'-,-'alphanum=[a-zA-Z0-9]+'-,-'num=[0-9]+'-,-'alpha=[a-zA-Z]+" HTTPMethods="options'-,-'get'-,-'head'-,-'put'-,-'post'-,-'delete'-,-'trace'-,-'connect'-,-'cli"/>
        <Pobohet xmlns="http://example/All" url="migrations/(:segment)/(:segment)" pobohet="cli" method="$1/$2" controller="\Hkm_code\Commands\MigrationsCommand"/>
        <Pobohet xmlns="http://example/All" url="BaseController(:any)" pobohet=":all" method="FOR_PAGE_NOT_FOUND" controller="\Hkm_code\Exceptions\PageNotFoundException"/>
        <Pobohet xmlns="http://example/All" url="(:any)/initController" pobohet=":all" method="FOR_PAGE_NOT_FOUND" controller="\Hkm_code\Exceptions\PageNotFoundException"/>
        <Pobohet xmlns="http://example/All" url="migrations/(:segment)" pobohet="cli" method="$1" controller="\Hkm_code\Commands\MigrationsCommand"/>
        <Pobohet xmlns="http://example/All" url="shorten_url/(:segment)/(:segment)" pobohet="get'-,-'post" method="$1/$2" controller="ShortenUrl" options="namespace=\Plugin\ShortenUrl\Controllers'-,-'filter=login"/>
        <Pobohet xmlns="http://example/All" url="image/(:segment)" pobohet="get'-,-'post" method="image_view/$1" controller="ImageView" options="namespace=\Plugin\ImageView\Controllers'-,-'"/>
        <Pobohet xmlns="http://example/All" url="url/(:segment)" pobohet="get'-,-'post" method="redirect/$1" controller="ShortenUrl" options="namespace=\Plugin\ShortenUrl\Controllers'-,-'"/>
        <Pobohet xmlns="http://example/All" url="migrations" pobohet="cli" method="index" controller="\Hkm_code\Commands\MigrationsCommand"/>
        <Pobohet xmlns="http://example/All" url="ci(:any)" pobohet="cli" method="index/$1" controller="\Hkm_code\CLI\CommandRunner"/>
        <Pobohet xmlns="http://example/All" url="hkm(:any)" pobohet="cli" method="index/$1" controller="\Hkm_code\CLI\CommandRunnerInstaller"/>
<Pobohet xmlns="http://example/Teamsmailer" url="create_campaign" pobohet="get'-,-'post" method="campaign" controller="Creator" options="filter=login'-,-'"/><Pobohet xmlns="http://example/Teamsmailer" url="create_campaign_message" pobohet="get" method="campaign_next" controller="Creator" options="filter=login'-,-'"/><Pobohet xmlns="http://example/Teamsmailer" url="edit_template" pobohet="get'-,-'post" method="edit_template" controller="Creator" options="filter=login'-,-'"/><Pobohet xmlns="http://example/Teamsmailer" url="content/(:segment)/(:segment)" pobohet="get'-,-'post" method="$1/$2" controller="Creator" options="filter=login'-,-'"/><Pobohet xmlns="http://example/Teamsmailer" url="tm/addressbooks" pobohet="get" method="addressbooks" controller="Home" options="filter=login'-,-'"/><Pobohet xmlns="http://example/Teamsmailer" url="tm/addressbook/create" pobohet="post" method="New_address_book" controller="Home" options="filter=login'-,-'"/><Pobohet xmlns="http://example/Teamsmailer" url="tm/(:segment)/addcontacts" pobohet="get" method="add_contact/$2" controller="Home" options="filter=login'-,-'"/><Pobohet xmlns="http://example/Teamsmailer" url="tm/(:segment)/listmails" pobohet="post" method="add_emails" controller="Home" options="filter=login'-,-'"/><Pobohet xmlns="http://example/Teamsmailer" url="tm/campaignlist" pobohet="get" method="Campaign_list" controller="Home" options="filter=login'-,-'"/><Pobohet xmlns="http://example/TeamsmailerHakrichApp" url="logout" pobohet="get" method="Logout" controller="Home" options="filter=login'-,-'"/></Pobohets>
